Station,Record Length,RL MLE (mm),Width MLE (mm),RL LMOM (mm),Width LMOM (mm),RL Bayes Weak (mm),Width Bayes Weak (mm),RL Bayes Expert (mm),Width Bayes Expert (mm),Shrinkage Weak,Shrinkage Expert,CV Bias,
ROEBOURNE,130, 318.78 , 249.76 , 286.42 , 151.97 , 333.87 , 393.24 , 269.91 , 102.48 , 1.57 , 0.41 , 0.05 ,
MARDIE,140, 319.79 , 264.45 , 283.20 , 165.88 , 332.17 , 402.60 , 263.18 , 102.32 , 1.52 , 0.39 , 0.05 ,
WOOLGORONG,121, 94.09 , 36.02 , 98.36 , 42.57 , 96.01 , 48.60 , 94.43 , 31.51 , 1.35 , 0.87 , 0.05 ,
BOOLARDY,133, 112.68 , 49.56 , 114.75 , 50.64 , 115.12 , 66.66 , 111.94 , 36.50 , 1.34 , 0.74 , 0.10 ,
MOUNT MAGNET,118, 114.10 , 55.96 , 119.09 , 66.08 , 117.35 , 81.44 , 113.87 , 43.49 , 1.46 , 0.78 , 0.03 ,
YOWERAGABBIE,126, 119.26 , 62.01 , 122.61 , 69.78 , 122.39 , 85.74 , 119.26 , 43.96 , 1.38 , 0.71 , 0.01 ,
KOKARDINE,117, 106.11 , 72.02 , 102.54 , 71.49 , 107.25 , 101.53 , 99.71 , 41.45 , 1.41 , 0.58 , 0.02 ,
MANARRA,110, 102.65 , 52.70 , 103.67 , 53.82 , 106.77 , 81.08 , 100.18 , 35.27 , 1.54 , 0.67 , 0.00 ,
MINGENEW,127, 111.05 , 36.66 , 113.73 , 53.75 , 113.47 , 49.17 , 111.28 , 34.24 , 1.34 , 0.93 , 0.02 ,
PERANGERY,106, 98.26 , 38.84 , 106.82 , 54.32 , 100.67 , 52.04 , 97.80 , 32.04 , 1.34 , 0.82 , 0.00 ,
WILLIGULLI NORTH,93, 114.77 , 54.27 , 126.36 , 83.13 , 116.63 , 71.49 , 111.77 , 40.95 , 1.32 , 0.75 , 0.07 ,
BOYANUP,111, 105.84 , 20.64 , 110.67 , 42.91 , 107.01 , 25.23 , 107.32 , 22.39 , 1.22 , 1.08 ,-0.02 ,
CAPE NATURALISTE,118, 106.46 , 51.43 , 104.21 , 40.46 , 107.88 , 73.18 , 100.39 , 30.76 , 1.42 , 0.60 ,-0.01 ,
CAPE RICHE,122, 144.18 , 56.75 , 158.05 , 95.92 , 147.63 , 73.46 , 146.57 , 55.88 , 1.29 , 0.98 ,-0.00 ,
HOPETOUN,113, 107.59 , 36.47 , 115.70 , 56.48 , 112.06 , 48.99 , 105.82 , 28.99 , 1.34 , 0.79 ,-0.05 ,
KENDENUP,118, 112.47 , 62.96 , 115.62 , 75.36 , 113.97 , 88.05 , 108.52 , 47.49 , 1.40 , 0.75 , 0.03 ,
KING RIVER,105, 121.65 , 49.67 , 129.94 , 72.50 , 124.54 , 70.96 , 121.57 , 40.70 , 1.43 , 0.82 ,-0.02 ,
PARDELUP,116, 101.32 , 45.83 , 107.63 , 62.14 , 102.72 , 62.48 , 99.93 , 34.24 , 1.36 , 0.75 ,-0.05 ,
PEPPERMINT GROVE,118, 181.36 , 135.19 , 173.15 , 127.92 , 185.40 , 197.73 , 169.23 , 76.41 , 1.46 , 0.57 ,-0.00 ,
WILGARRUP,120, 94.00 , 19.32 , 102.11 , 43.92 , 96.53 , 23.89 , 95.18 , 19.69 , 1.24 , 1.02 , 0.01 ,
COWCOWING,117, 97.22 , 60.03 , 95.43 , 59.76 , 98.16 , 82.43 , 87.45 , 29.58 , 1.37 , 0.49 , 0.00 ,
CUTTENING,118, 86.13 , 27.60 , 87.73 , 35.31 , 87.88 , 37.82 , 86.71 , 24.75 , 1.37 , 0.90 , 0.05 ,
DOODARDING WELL,116, 100.89 , 57.64 , 106.31 , 75.12 , 103.10 , 78.78 , 95.98 , 42.02 , 1.37 , 0.73 ,-0.03 ,
EJANDING,114, 136.04 , 115.27 , 119.37 , 83.70 , 139.63 , 176.10 , 118.38 , 49.37 , 1.53 , 0.43 ,-0.05 ,
MECKERING,123, 87.02 , 20.51 , 85.07 , 28.14 , 88.36 , 27.05 , 88.43 , 19.85 , 1.32 , 0.97 , 0.02 ,
MERREDIN,121, 75.49 , 19.68 , 81.02 , 29.71 , 76.47 , 24.66 , 76.42 , 18.00 , 1.25 , 0.91 ,-0.02 ,
NUNGARIN,120, 86.84 , 27.16 , 92.60 , 38.28 , 88.44 , 36.04 , 87.57 , 23.96 , 1.33 , 0.88 , 0.02 ,
THE GRANITES,114, 111.06 , 73.48 , 112.72 , 82.78 , 115.07 , 105.86 , 102.30 , 39.66 , 1.44 , 0.54 ,-0.03 ,
TRAYNING,115, 134.23 , 119.06 , 121.68 , 106.71 , 135.67 , 178.71 , 114.55 , 48.42 , 1.50 , 0.41 ,-0.05 ,
WALK WALKIN,105, 101.02 , 64.48 , 103.48 , 69.36 , 102.33 , 89.78 , 92.18 , 36.80 , 1.39 , 0.57 ,-0.03 ,
CODG CODGEN,122, 90.75 , 29.32 , 99.52 , 49.26 , 91.80 , 36.66 , 90.41 , 23.95 , 1.25 , 0.82 ,-0.03 ,
ARTHUR RIVER,126, 113.14 , 40.78 , 114.92 , 65.09 , 115.53 , 54.46 , 112.41 , 34.64 , 1.34 , 0.85 ,-0.04 ,
BROOMEHILL,120, 104.67 , 36.76 , 120.29 , 77.57 , 106.77 , 49.51 , 107.11 , 33.39 , 1.35 , 0.91 ,-0.00 ,
CORRIGIN,115, 142.22 , 100.11 , 148.06 , 114.59 , 147.10 , 140.93 , 131.85 , 65.49 , 1.41 , 0.65 , 0.01 ,
CRANBROOK,124, 85.24 , 19.95 , 84.07 , 32.39 , 88.49 , 28.29 , 85.70 , 18.63 , 1.42 , 0.93 ,-0.02 ,
NYERILUP,116, 93.61 , 33.64 , 104.46 , 57.37 , 95.33 , 44.61 , 95.74 , 29.83 , 1.33 , 0.89 ,-0.04 ,
THE OAKS,117, 123.09 , 79.07 , 127.38 , 102.96 , 125.72 , 106.73 , 117.09 , 44.97 , 1.35 , 0.57 , 0.04 ,
LAKE CARMODY,117, 96.89 , 40.73 , 103.10 , 53.79 , 98.74 , 52.46 , 96.92 , 31.63 , 1.29 , 0.78 ,-0.01 ,
MENZIES,121, 121.64 , 58.51 , 131.00 , 82.30 , 126.23 , 83.15 , 121.33 , 44.94 , 1.42 , 0.77 , 0.11 ,
NORSEMAN,114, 96.36 , 36.29 , 101.16 , 51.87 , 98.82 , 51.04 , 95.50 , 28.99 , 1.41 , 0.80 , 0.17 ,
OENPELLI,104, 227.94 , 72.86 , 246.81 , 129.53 , 233.55 , 97.41 , 231.19 , 72.70 , 1.34 , 1.00 , 0.00 ,
KATHERINE,150, 222.24 , 47.84 , 219.29 , 60.88 , 224.41 , 64.21 , 226.62 , 50.09 , 1.34 , 1.05 ,-0.20 ,
COONDAMBO,134, 92.11 , 37.71 , 100.00 , 54.32 , 93.87 , 47.95 , 92.72 , 30.88 , 1.27 , 0.82 ,-0.02 ,
KONDOOLKA,119, 98.21 , 59.95 , 98.14 , 58.23 , 100.69 , 90.15 , 97.00 , 40.56 , 1.50 , 0.68 ,-0.02 ,
NONNING,120, 91.08 , 31.70 , 97.95 , 55.57 , 95.74 , 43.15 , 91.64 , 25.71 , 1.36 , 0.81 , 0.06 ,
WOOMERA,107, 152.04 , 143.89 , 138.67 , 122.17 , 158.95 , 248.07 , 122.61 , 54.81 , 1.72 , 0.38 , 0.05 ,
YARDEA,146, 80.88 , 22.22 , 84.44 , 33.17 , 82.83 , 28.70 , 80.43 , 17.98 , 1.29 , 0.81 , 0.03 ,
MARREE,143, 99.16 , 46.38 , 99.12 , 38.62 , 101.79 , 69.91 , 96.96 , 30.96 , 1.51 , 0.67 , 0.05 ,
MARREE,131, 138.03 , 104.57 , 137.50 , 123.51 , 141.17 , 151.53 , 128.76 , 57.31 , 1.45 , 0.55 ,-0.04 ,
ARNO BAY,117, 84.91 , 46.65 , 87.84 , 61.07 , 87.12 , 66.81 , 84.93 , 34.73 , 1.43 , 0.74 , 0.07 ,
PENONG,126, 82.41 , 41.71 , 82.57 , 39.78 , 84.46 , 56.31 , 79.95 , 25.72 , 1.35 , 0.62 , 0.03 ,
CEDUNA,116, 87.51 , 53.96 , 82.31 , 39.31 , 89.20 , 83.18 , 80.55 , 29.38 , 1.54 , 0.54 ,-0.03 ,
SHERINGA,142, 86.15 , 22.18 , 84.83 , 36.73 , 87.50 , 28.66 , 83.72 , 18.35 , 1.29 , 0.83 , 0.11 ,
BUTLER TANKS,119, 95.50 , 54.63 , 95.21 , 56.63 , 97.87 , 74.93 , 93.68 , 39.74 , 1.37 , 0.73 , 0.04 ,
WHYALLA,107, 124.58 , 90.29 , 124.33 , 88.70 , 128.35 , 132.92 , 115.04 , 52.21 , 1.47 , 0.58 , 0.05 ,
CLEVE,98, 94.67 , 58.44 , 94.76 , 59.77 , 97.84 , 88.08 , 89.71 , 38.31 , 1.51 , 0.66 ,-0.00 ,
ELLISTON,142, 65.18 , 13.59 , 68.14 , 20.74 , 66.40 , 17.38 , 66.47 , 16.52 , 1.28 , 1.22 ,-0.03 ,
NULLARBOR,98, 95.69 , 71.06 , 91.71 , 47.00 , 107.58 , 226.03 , 88.32 , 33.14 , 3.18 , 0.47 , 0.08 ,
APPILA,141, 80.32 , 20.85 , 87.12 , 35.03 , 81.79 , 26.45 , 81.68 , 21.44 , 1.27 , 1.03 ,-0.05 ,
ORROROO,151, 94.95 , 25.06 , 96.24 , 35.63 , 96.93 , 31.53 , 96.98 , 23.38 , 1.26 , 0.93 ,-0.03 ,
ARDROSSAN,140, 87.02 , 29.51 , 102.30 , 70.75 , 88.66 , 36.98 , 87.84 , 27.55 , 1.25 , 0.93 ,-0.02 ,
MINLATON,143, 86.35 , 22.10 , 94.40 , 48.26 , 88.31 , 28.06 , 85.26 , 20.06 , 1.27 , 0.91 ,-0.01 ,
WALLAROO,151, 84.62 , 20.57 , 80.39 , 28.48 , 86.67 , 26.96 , 83.85 , 18.26 , 1.31 , 0.89 , 0.02 ,
HAPPY VALLEY,137, 78.01 , 11.97 , 74.92 , 15.80 , 79.47 , 15.48 , 78.86 , 12.19 , 1.29 , 1.02 ,-0.06 ,
AUSTRALIA PLAINS,133, 115.66 , 88.09 , 99.32 , 57.38 , 116.41 , 119.49 , 98.91 , 35.62 , 1.36 , 0.40 ,-0.06 ,
EUDUNDA,142, 90.94 , 30.55 , 103.36 , 55.11 , 92.81 , 38.52 , 90.84 , 26.64 , 1.26 , 0.87 ,-0.00 ,
LANGHORNE CREEK,135, 104.12 , 57.08 , 105.11 , 63.42 , 107.49 , 78.02 , 102.34 , 38.30 , 1.37 , 0.67 ,-0.02 ,
MURRAY BRIDGE,139, 111.99 , 72.43 , 105.97 , 63.89 , 114.52 , 101.60 , 101.96 , 39.87 , 1.40 , 0.55 ,-0.06 ,
SWAN REACH,121, 137.30 , 122.69 , 117.09 , 98.94 , 137.11 , 192.17 , 111.34 , 48.28 , 1.57 , 0.39 ,-0.01 ,
PINNAROO,124, 112.07 , 74.19 , 116.75 , 89.32 , 114.35 , 99.63 , 111.64 , 50.04 , 1.34 , 0.67 , 0.00 ,
KEITH,118, 65.98 , 26.90 , 65.60 , 23.85 , 67.03 , 37.25 , 64.35 , 17.97 , 1.39 , 0.67 ,-0.01 ,
PENOLA,143, 83.24 , 16.71 , 88.85 , 34.16 , 83.50 , 21.21 , 84.59 , 16.62 , 1.27 , 0.99 , 0.09 ,
PALMERVILLE,135, 242.38 , 117.00 , 244.08 , 124.18 , 249.81 , 167.79 , 243.24 , 101.04 , 1.43 , 0.86 , 0.01 ,
BURKETOWN,138, 375.05 , 172.96 , 397.69 , 201.88 , 381.72 , 228.08 , 368.27 , 129.17 , 1.32 , 0.75 ,-0.00 ,
MOSSMAN SOUTH,111, 446.42 , 144.95 , 465.33 , 185.76 , 450.91 , 192.76 , 444.45 , 121.00 , 1.33 , 0.83 , 0.03 ,
MACKNADE,130, 582.72 , 206.79 , 650.47 , 365.09 , 588.84 , 252.98 , 591.31 , 169.24 , 1.22 , 0.82 , 0.04 ,
KALAMIA ESTATE,131, 353.31 , 99.41 , 320.44 , 88.48 , 368.43 , 133.91 , 351.89 , 84.42 , 1.35 , 0.85 ,-0.06 ,
BARCALDINE,138, 182.25 , 84.17 , 179.21 , 74.43 , 185.52 , 112.48 , 176.87 , 60.63 , 1.34 , 0.72 ,-0.04 ,
URANDANGI,123, 169.54 , 82.38 , 170.72 , 77.74 , 173.49 , 122.28 , 165.88 , 59.31 , 1.48 , 0.72 ,-0.04 ,
WINTON,129, 163.88 , 50.18 , 166.14 , 59.76 , 165.73 , 67.31 , 167.96 , 47.71 , 1.34 , 0.95 ,-0.03 ,
BIRDSVILLE,122, 139.50 , 81.67 , 140.04 , 80.05 , 144.31 , 113.66 , 134.85 , 54.03 , 1.39 , 0.66 ,-0.02 ,
WINDORAH,138, 151.08 , 76.52 , 146.09 , 61.82 , 153.67 , 106.78 , 144.14 , 45.05 , 1.40 , 0.59 , 0.15 ,
FAIRYMEAD,120, 408.52 , 169.96 , 400.68 , 192.02 , 420.51 , 226.83 , 390.56 , 124.02 , 1.33 , 0.73 ,-0.02 ,
BAUPLE,114, 314.82 , 170.47 , 327.30 , 190.27 , 317.96 , 228.34 , 301.32 , 110.44 , 1.34 , 0.65 , 0.12 ,
CAPE MORETON,138, 256.50 , 98.51 , 254.06 , 92.52 , 262.09 , 128.27 , 252.25 , 73.89 , 1.30 , 0.75 ,-0.03 ,
UQ GATTON,127, 193.28 , 92.16 , 195.12 , 93.70 , 196.39 , 126.74 , 189.46 , 69.08 , 1.38 , 0.75 ,-0.01 ,
HARRISVILLE,128, 198.68 , 103.19 , 193.51 , 94.93 , 204.06 , 146.88 , 188.24 , 59.62 , 1.42 , 0.58 ,-0.04 ,
MURGON,107, 191.17 , 87.11 , 200.24 , 101.33 , 199.14 , 115.98 , 195.02 , 73.78 , 1.33 , 0.85 , 0.03 ,
CAMBOOYA,129, 154.63 , 51.15 , 170.85 , 88.82 , 156.50 , 64.04 , 155.27 , 45.14 , 1.25 , 0.88 , 0.02 ,
CANNING DOWNS,133, 131.91 , 26.48 , 134.15 , 39.24 , 134.94 , 33.07 , 134.70 , 26.50 , 1.25 , 1.00 ,-0.05 ,
DOCTORS CREEK,116, 135.56 , 32.04 , 150.80 , 59.88 , 136.80 , 40.77 , 137.77 , 31.02 , 1.27 , 0.97 , 0.08 ,
PITTSWORTH,138, 164.52 , 71.41 , 165.45 , 68.91 , 169.25 , 96.26 , 163.42 , 54.32 , 1.35 , 0.76 ,-0.02 ,
MILES,138, 159.22 , 63.14 , 163.17 , 68.24 , 160.74 , 80.01 , 158.89 , 57.34 , 1.27 , 0.91 , 0.02 ,
CUNNAMULLA,144, 136.11 , 42.06 , 145.55 , 62.73 , 137.34 , 55.55 , 136.44 , 39.07 , 1.32 , 0.93 ,-0.04 ,
MULGA DOWNS,116, 120.04 , 32.96 , 122.66 , 40.86 , 122.39 , 43.13 , 123.16 , 37.01 , 1.31 , 1.12 ,-0.03 ,
THARGOMINDAH,126, 152.42 , 66.87 , 159.22 , 79.59 , 155.49 , 93.25 , 153.27 , 55.95 , 1.39 , 0.84 , 0.04 ,
WHITE CLIFFS,113, 134.96 , 85.84 , 136.61 , 93.25 , 138.23 , 121.30 , 126.09 , 55.79 , 1.41 , 0.65 , 0.04 ,
POONCARIE,142, 116.50 , 59.91 , 115.51 , 56.87 , 118.12 , 79.91 , 110.77 , 40.05 , 1.33 , 0.67 , 0.08 ,
WENTWORTH,156, 104.64 , 38.45 , 116.67 , 64.42 , 106.00 , 47.94 , 104.10 , 32.66 , 1.25 , 0.85 ,-0.00 ,
COLLARENEBRI,140, 181.27 , 88.46 , 198.47 , 125.59 , 184.69 , 118.77 , 175.31 , 64.01 , 1.34 , 0.72 ,-0.05 ,
PEAK HILL,134, 133.60 , 57.88 , 135.68 , 58.97 , 135.58 , 77.56 , 129.72 , 41.03 , 1.34 , 0.71 ,-0.04 ,
BARRABA,144, 138.53 , 42.42 , 153.40 , 80.19 , 140.99 , 57.35 , 139.78 , 38.53 , 1.35 , 0.91 ,-0.03 ,
BINGARA,145, 173.99 , 82.01 , 170.13 , 72.27 , 175.68 , 104.82 , 165.66 , 53.47 , 1.28 , 0.65 , 0.02 ,
WALLANGRA,78, 174.99 , 69.20 , 174.87 , 85.94 , 182.55 , 109.36 , 176.24 , 58.06 , 1.58 , 0.84 , 0.01 ,
CURLEWIS,121, 130.34 , 61.26 , 127.22 , 54.63 , 132.87 , 82.58 , 125.85 , 44.31 , 1.35 , 0.72 ,-0.05 ,
CARROLL,117, 122.08 , 41.32 , 133.80 , 67.10 , 123.77 , 53.44 , 120.94 , 34.44 , 1.29 , 0.83 , 0.01 ,
YAMBA,148, 276.69 , 88.62 , 303.43 , 142.27 , 278.42 , 105.83 , 276.79 , 76.98 , 1.19 , 0.87 , 0.05 ,
CASINO AIRPORT,142, 244.28 , 77.97 , 263.82 , 112.23 , 246.26 , 94.28 , 247.79 , 68.76 , 1.21 , 0.88 , 0.05 ,
CLARENCE TOWN,129, 246.99 , 116.38 , 250.17 , 117.72 , 252.40 , 152.80 , 243.36 , 86.09 , 1.31 , 0.74 , 0.10 ,
BRANXTON,138, 182.12 , 50.35 , 189.95 , 69.19 , 185.47 , 66.43 , 185.17 , 44.44 , 1.32 , 0.88 , 0.10 ,
MUDGEE,154, 134.41 , 49.11 , 135.68 , 56.01 , 136.41 , 64.45 , 134.76 , 41.09 , 1.31 , 0.84 , 0.00 ,
RYLSTONE,141, 112.45 , 22.30 , 114.85 , 33.14 , 114.81 , 28.67 , 113.96 , 22.88 , 1.29 , 1.03 ,-0.05 ,
BATHURST,116, 116.50 , 61.02 , 112.45 , 47.65 , 120.79 , 94.45 , 110.77 , 36.28 , 1.55 , 0.59 , 0.01 ,
CATARACT DAM,108, 318.70 , 155.15 , 320.14 , 146.61 , 326.74 , 206.37 , 309.09 , 105.12 , 1.33 , 0.68 ,-0.05 ,
JERVIS BAY,106, 256.82 , 141.88 , 249.88 , 121.87 , 264.81 , 208.54 , 237.19 , 75.77 , 1.47 , 0.53 ,-0.06 ,
BETTOWYND,127, 251.88 , 138.21 , 252.64 , 148.96 , 255.91 , 177.43 , 241.84 , 90.51 , 1.28 , 0.65 ,-0.07 ,
MORUYA HEADS,150, 235.82 , 81.61 , 240.21 , 98.00 , 240.92 , 106.86 , 239.57 , 74.64 , 1.31 , 0.91 ,-0.02 ,
YASS,122, 114.03 , 46.44 , 112.10 , 43.18 , 117.03 , 65.89 , 111.10 , 35.10 , 1.42 , 0.76 , 0.03 ,
DENILIQUIN,166, 105.28 , 49.51 , 99.23 , 38.95 , 107.07 , 64.27 , 98.84 , 35.51 , 1.30 , 0.72 , 0.01 ,
WAKOOL,128, 83.83 , 15.92 , 77.45 , 18.96 , 86.14 , 20.76 , 85.47 , 16.87 , 1.30 , 1.06 ,-0.55 ,
NARADHAN,109, 111.36 , 46.98 , 114.93 , 56.34 , 114.64 , 64.10 , 111.87 , 37.00 , 1.36 , 0.79 ,-0.02 ,
BIRCHIP,134, 106.07 , 52.62 , 110.39 , 61.85 , 108.66 , 67.24 , 102.95 , 36.24 , 1.28 , 0.69 , 0.03 ,
NARRAPORT,132, 85.44 , 30.82 , 86.34 , 33.39 , 86.69 , 44.19 , 85.33 , 27.82 , 1.43 , 0.90 ,-0.02 ,
SEA LAKE,120, 109.04 , 61.45 , 107.46 , 57.32 , 111.79 , 87.86 , 108.95 , 45.10 , 1.43 , 0.73 ,-0.06 ,
YANAC NORTH,130, 130.54 , 95.83 , 130.84 , 110.54 , 133.06 , 140.02 , 123.17 , 53.51 , 1.46 , 0.56 ,-0.03 ,
KANIVA,139, 104.11 , 57.38 , 104.03 , 60.42 , 106.31 , 79.56 , 97.07 , 36.18 , 1.39 , 0.63 ,-0.04 ,
DRUNG DRUNG,113, 93.72 , 48.72 , 97.54 , 58.52 , 95.89 , 67.35 , 89.75 , 32.51 , 1.38 , 0.67 ,-0.04 ,
NATIMUK,128, 111.54 , 60.79 , 117.31 , 82.06 , 114.18 , 86.29 , 111.44 , 51.14 , 1.42 , 0.84 , 0.05 ,
CANARY ISLAND,138, 105.47 , 49.47 , 107.70 , 56.48 , 107.89 , 69.57 , 107.37 , 44.08 , 1.41 , 0.89 , 0.05 ,
ST ARNAUD,135, 90.82 , 34.44 , 93.11 , 34.06 , 92.47 , 47.98 , 87.87 , 25.81 , 1.39 , 0.75 , 0.07 ,
YARROWEYAH,134, 112.41 , 46.11 , 115.16 , 53.47 , 113.94 , 58.30 , 109.84 , 32.28 , 1.26 , 0.70 , 0.06 ,
BEECHWORTH,142, 112.96 , 22.48 , 122.23 , 37.10 , 114.16 , 28.33 , 114.07 , 21.20 , 1.26 , 0.94 , 0.11 ,
GABO ISLAND,159, 193.54 , 78.39 , 193.51 , 82.28 , 196.70 , 103.74 , 194.77 , 70.70 , 1.32 , 0.90 ,-0.01 ,
ORBOST,131, 232.75 , 154.27 , 220.79 , 132.20 , 241.19 , 228.79 , 203.81 , 73.10 , 1.48 , 0.47 , 0.00 ,
WILSONS PROM,152, 110.25 , 37.14 , 108.90 , 38.97 , 112.27 , 48.89 , 111.54 , 33.41 , 1.32 , 0.90 , 0.04 ,
TOOROURRONG,133, 116.28 , 46.64 , 117.02 , 45.55 , 118.05 , 60.87 , 115.72 , 33.51 , 1.31 , 0.72 , 0.01 ,
YAN YEAN,148, 106.26 , 31.36 , 116.13 , 51.68 , 107.85 , 38.63 , 106.45 , 26.82 , 1.23 , 0.86 , 0.08 ,
LOVELY BANKS,128, 86.79 , 20.22 , 88.57 , 33.66 , 88.13 , 26.23 , 88.56 , 19.74 , 1.30 , 0.98 ,-0.02 ,
MEREDITH,110, 154.76 , 112.54 , 141.93 , 85.19 , 157.32 , 162.76 , 138.74 , 50.79 , 1.45 , 0.45 , 0.04 ,
PORTARLINGTON,133, 125.95 , 60.95 , 135.24 , 85.16 , 127.66 , 79.49 , 122.65 , 42.11 , 1.30 , 0.69 , 0.06 ,
KINGLAKE WEST,141, 156.83 , 77.52 , 149.94 , 57.60 , 159.59 , 102.80 , 150.31 , 50.46 , 1.33 , 0.65 , 0.01 ,
BEAUFORT,133, 115.42 , 60.96 , 111.57 , 53.14 , 117.81 , 90.05 , 108.06 , 37.63 , 1.48 , 0.62 ,-0.01 ,
WICKLIFFE,146, 106.21 , 47.85 , 108.83 , 52.60 , 107.57 , 61.57 , 102.75 , 35.07 , 1.29 , 0.73 , 0.03 ,
CAPE GRIM,132, 97.93 , 39.03 , 102.54 , 51.73 , 99.47 , 51.58 , 98.74 , 31.26 , 1.32 , 0.80 ,-0.04 ,
IRISHTOWN,109, 118.00 , 51.23 , 128.95 , 73.91 , 122.47 , 72.90 , 118.08 , 40.10 , 1.42 , 0.78 ,-0.04 ,
FINGAL,131, 154.53 , 83.32 , 149.06 , 73.76 , 160.01 , 122.28 , 152.35 , 63.35 , 1.47 , 0.76 , 0.01 ,
SWAN ISLAND,103, 113.18 , 38.70 , 125.28 , 69.15 , 114.94 , 50.35 , 110.61 , 31.60 , 1.30 , 0.82 , 0.02 ,
SANDFORD,132, 114.62 , 34.07 , 115.55 , 40.06 , 116.55 , 44.07 , 116.75 , 32.68 , 1.29 , 0.96 , 0.08 ,
SORELL,121, 118.16 , 59.83 , 119.07 , 62.60 , 121.05 , 83.05 , 115.34 , 44.43 , 1.39 , 0.74 ,-0.05 ,
OSTERLEY,114, 88.08 , 32.82 , 93.96 , 47.37 , 89.58 , 43.86 , 88.68 , 28.21 , 1.34 , 0.86 ,-0.06 ,
DEAL ISLAND,135, 133.25 , 80.07 , 127.13 , 71.00 , 136.38 , 110.82 , 125.77 , 51.50 , 1.38 , 0.64 , 0.00 ,
